order_id,customer_id,product_id,product_name,product_category,quantity,unit_price,status,order_ts,updated_at
O1001,C001,P001,USB-C Cable,Accessories,2,19.99,CREATED,2026-08-30 09:00:00,2026-08-30 09:00:00
O1002,C002,P002,Wireless Mouse,Accessories,1,29.50,CREATED,2026-08-30 09:05:00,2026-08-30 09:05:00
O1002,C002,P002,Wireless Mouse,Accessories,1,29.50,SHIPPED,2026-08-30 09:05:00,2026-08-30 10:15:00
O1003,C003,P003,Laptop Stand,Office,1,49.00,PROCESSING,2026-08-30 09:20:00,2026-08-30 09:30:00
,C001,P004,Keyboard,Accessories,1,59.00,CREATED,2026-08-30 10:00:00,2026-08-30 10:00:00
O1005,C002,P004,Keyboard,Accessories,0,59.00,CREATED,2026-08-30 10:10:00,2026-08-30 10:10:00
O1006,C003,P005,Webcam,Electronics,1,-5.00,CREATED,2026-08-30 10:20:00,2026-08-30 10:20:00
O1007,C003,P006,Desk Lamp,Office,1,25.00,UNKNOWN,2026-08-30 10:30:00,2026-08-30 10:30:00
O1008_BAD_TS,C001,P006,Desk Lamp,Office,1,25.00,CREATED,not-a-date,2026-08-30 10:40:00
